recipe_id,ingredient_id,amount,unit
1,1,3,szt
1,2,10,g
1,3,150,g
1,4,10,g
1,5,1,g
1,6,0.5,g
2,1,2,szt
2,7,50,g
2,14,60,ml
2,8,120,g
2,9,1,g
2,10,10,g
2,25,5,ml
2,5,0.5,g
3,7,60,g
3,11,150,g
3,14,80,ml
3,13,10,g
3,12,100,g
3,10,10,g
4,17,2,plastry
4,18,120,g
4,19,10,ml
4,1,2,szt
4,5,1,g
4,6,0.5,g
4,4,5,g
5,20,200,g
5,22,50,g
5,21,80,g
5,4,10,g
5,5,1,g
5,6,0.5,g
5,17,2,plastry
6,15,150,g
6,1,2,szt
6,24,60,g
6,23,3,g
6,9,1,g
6,25,10,ml
6,10,15,g
7,26,4,plastry
7,1,2,szt
7,14,120,ml
7,9,1,g
7,27,1,g
7,2,15,g
7,10,20,g
8,29,80,g
8,30,6,g
8,31,150,g
8,28,300,ml
8,25,15,ml
8,33,2,g
8,32,1,g
8,5,2,g
8,6,1,g
8,1,4,szt
9,34,2,szt
9,35,80,g
9,36,60,g
9,37,60,g
9,1,2,szt
9,25,5,ml
9,5,1,g
9,6,0.5,g
10,13,25,g
10,14,200,ml
10,11,100,g
10,38,150,g
10,10,15,g
10,39,5,g
11,40,60,g
11,14,200,ml
11,41,200,ml
11,38,150,g
11,13,10,g
11,10,10,g
11,9,1,g
12,17,4,plastry
12,42,80,g
12,43,100,g
12,19,10,ml
12,44,5,g
12,6,0.5,g
13,3,200,g
13,45,150,g
13,46,80,g
13,47,40,g
13,25,10,ml
13,19,10,ml
13,5,1,g
13,6,0.5,g
14,7,120,g
14,14,300,ml
14,1,2,szt
14,23,5,g
14,9,2,g
14,10,20,g
14,8,200,g
14,48,30,g
14,2,15,g
15,49,40,g
15,14,250,ml
15,39,5,g
15,27,1,g
15,15,120,g
15,10,10,g
16,50,200,g
16,15,120,g
16,11,150,g
16,13,10,g
16,10,10,g
17,51,300,g
17,29,80,g
17,30,6,g
17,25,15,ml
17,52,2,g
17,37,100,g
17,3,200,g
17,5,2,g
17,6,1,g
18,20,250,g
18,1,2,szt
18,24,60,g
18,23,4,g
18,27,1,g
18,25,10,ml
18,53,120,g
18,10,20,g
19,26,2,plastry
19,16,30,g
19,15,120,g
19,9,1,g
19,10,10,g
20,1,2,szt
20,37,60,g
20,2,10,g
20,17,2,plastry
20,54,10,ml
20,5,1,g
20,6,0.5,g
20,19,5,ml
21,55,200,g
21,56,50,g
21,53,120,g
21,10,10,g
21,13,5,g
22,1,2,szt
22,57,150,g
22,37,80,g
22,29,50,g
22,2,10,g
22,5,1,g
22,6,0.5,g
22,58,5,g
23,1,2,szt
23,18,100,g
23,22,40,g
23,19,5,ml
23,4,5,g
23,5,1,g
23,6,0.5,g
23,17,2,plastry
24,7,80,g
24,1,2,szt
24,14,200,ml
24,25,10,ml
24,50,200,g
24,11,150,g
24,10,15,g
25,59,250,ml
25,13,15,g
25,38,150,g
25,10,10,g
25,9,1,g
26,17,4,plastry
26,60,100,g
26,45,150,g
26,47,40,g
26,19,5,ml
26,5,1,g
26,6,0.5,g
27,1,2,szt
27,46,60,g
27,3,200,g
27,37,60,g
27,29,50,g
27,25,10,ml
27,33,1,g
27,5,1,g
27,6,0.5,g
28,61,60,g
28,14,250,ml
28,41,150,ml
28,8,200,g
28,9,2,g
28,48,20,g
28,10,15,g
29,26,2,plastry
29,62,20,g
29,63,80,g
29,3,150,g
29,5,1,g
29,6,0.5,g
30,1,3,szt
30,31,150,g
30,29,50,g
30,35,80,g
30,36,60,g
30,25,10,ml
30,5,1,g
30,6,0.5,g
31,17,2,plastry
31,1,2,szt
31,64,60,g
31,22,30,g
31,4,5,g
31,5,1,g
31,6,0.5,g
32,65,80,g
32,14,400,ml
32,41,200,ml
32,5,1,g
32,27,1,g
32,10,20,g
32,9,2,g
32,50,200,g
33,1,3,szt
33,57,150,g
33,46,40,g
33,2,10,g
33,29,30,g
33,58,5,g
33,5,1,g
33,6,0.5,g
34,7,80,g
34,1,2,szt
34,55,150,g
34,23,4,g
34,25,10,ml
34,12,150,g
34,10,15,g
35,26,2,plastry
35,18,100,g
35,19,5,ml
35,3,150,g
35,63,60,g
35,5,1,g
35,6,0.5,g
36,20,200,g
36,47,40,g
36,45,150,g
36,3,200,g
36,69,20,g
36,25,10,ml
36,19,10,ml
36,5,1,g
36,6,0.5,g
37,1,4,szt
37,37,100,g
37,35,80,g
37,36,60,g
37,29,50,g
37,25,5,ml
37,33,1,g
37,5,2,g
37,6,1,g
38,11,200,g
38,66,150,g
38,67,20,g
38,10,10,g
38,9,1,g
39,40,80,g
39,41,300,ml
39,29,50,g
39,25,10,ml
39,37,80,g
39,3,150,g
39,46,60,g
39,33,1,g
39,5,2,g
39,6,1,g
40,68,200,g
40,3,200,g
40,4,10,g
40,5,1,g
40,6,0.5,g
40,17,2,plastry
41,1,2,szt
41,70,60,g
41,3,150,g
41,2,10,g
41,5,1,g
41,6,0.5,g
41,58,5,g
42,17,4,plastry
42,60,120,g
42,46,60,g
42,3,200,g
42,47,40,g
42,19,10,ml
42,5,1,g
42,6,0.5,g
43,7,70,g
43,14,250,ml
43,66,150,g
43,67,20,g
43,10,15,g
43,9,1,g
43,5,0.5,g
44,13,25,g
44,14,200,ml
44,55,150,g
44,53,120,g
44,10,10,g
44,27,1,g
45,34,2,szt
45,51,300,g
45,62,20,g
45,37,80,g
45,29,50,g
45,30,6,g
45,52,2,g
45,25,10,ml
45,5,2,g
45,6,1,g
46,1,2,szt
46,71,40,g
46,63,80,g
46,37,60,g
46,29,50,g
46,25,10,ml
46,33,1,g
46,5,1,g
46,6,0.5,g
47,49,50,g
47,14,300,ml
47,55,150,g
47,50,200,g
47,10,15,g
47,27,1,g
47,5,0.5,g
48,40,60,g
48,14,250,ml
48,41,150,ml
48,8,200,g
48,16,25,g
48,9,1,g
48,10,10,g
48,5,0.5,g
49,68,200,g
49,45,150,g
49,44,5,g
49,5,1,g
49,6,0.5,g
49,19,5,ml
49,17,2,plastry
50,1,3,szt
50,62,20,g
50,63,60,g
50,3,150,g
50,25,10,ml
50,5,1,g
50,6,0.5,g
51,7,70,g
51,14,250,ml
51,39,5,g
51,16,20,g
51,15,120,g
51,10,10,g
51,9,1,g
51,5,0.5,g
52,1,4,szt
52,57,200,g
52,37,80,g
52,46,80,g
52,29,60,g
52,25,10,ml
52,58,5,g
52,5,2,g
52,6,1,g
53,65,80,g
53,14,400,ml
53,41,200,ml
53,38,150,g
53,13,15,g
53,10,15,g
53,27,1,g
53,5,1,g
54,17,4,plastry
54,72,160,g
54,73,80,g
54,22,60,g
54,29,40,g
54,64,60,g
54,19,10,ml
54,58,5,g
54,5,1,g
54,6,0.5,g
55,11,150,g
55,1,2,szt
55,24,80,g
55,23,4,g
55,27,1,g
55,53,150,g
55,25,10,ml
55,10,15,g
55,5,0.5,g
56,20,200,g
56,11,50,g
56,66,150,g
56,67,20,g
56,10,10,g
56,9,1,g
57,18,200,g
57,1,2,szt
57,63,40,g
57,19,5,ml
57,5,1,g
57,6,0.5,g
58,55,200,g
58,38,150,g
58,69,15,g
58,13,10,g
58,10,10,g
58,9,1,g
59,1,2,szt
59,14,50,ml
59,24,30,g
59,39,7,g
59,15,120,g
59,10,10,g
59,2,10,g
59,5,0.5,g
60,34,2,szt
60,1,3,szt
60,46,80,g
60,31,150,g
60,37,80,g
60,29,50,g
60,25,10,ml
60,33,1,g
60,5,1.5,g
60,6,0.5,g
61,17,4,plastry
61,20,200,g
61,22,40,g
61,44,5,g
61,45,150,g
61,19,5,ml
61,1,2,szt
61,5,1,g
61,6,0.5,g
62,11,200,g
62,56,60,g
62,50,200,g
62,10,10,g
62,13,10,g
63,59,300,ml
63,15,120,g
63,38,150,g
63,10,10,g
63,9,1,g
64,26,2,plastry
64,75,120,g
64,50,150,g
64,10,10,g
64,9,1,g
65,1,2,szt
65,55,120,g
65,24,30,g
65,12,120,g
65,10,10,g
65,25,5,ml
65,5,0.5,g
66,61,60,g
66,41,300,ml
66,62,20,g
66,3,200,g
66,47,40,g
66,63,60,g
66,25,5,ml
66,5,1,g
66,6,0.5,g
67,17,4,plastry
67,72,160,g
67,18,120,g
67,22,40,g
67,29,30,g
67,19,10,ml
67,58,5,g
67,5,1,g
67,6,0.5,g
68,59,150,ml
68,1,2,szt
68,24,80,g
68,23,4,g
68,8,200,g
68,9,1,g
68,10,10,g
68,25,10,ml
68,5,0.5,g
69,68,200,g
69,74,150,g
69,67,20,g
69,10,10,g
69,13,5,g
70,40,60,g
70,14,250,ml
70,41,150,ml
70,39,5,g
70,48,25,g
70,10,10,g
70,27,1,g
70,5,0.5,g
71,76,300,g
71,29,50,g
71,1,2,szt
71,25,15,ml
71,5,1,g
71,6,0.5,g
72,77,300,g
72,18,120,g
72,19,5,ml
72,1,2,szt
72,25,5,ml
72,4,5,g
72,5,1,g
72,6,0.5,g
73,7,70,g
73,78,250,ml
73,38,150,g
73,13,10,g
73,79,10,g
73,10,10,g
73,5,0.5,g
74,20,200,g
74,1,2,szt
74,24,60,g
74,23,4,g
74,80,10,g
74,27,1,g
74,25,10,ml
74,10,15,g
74,5,0.5,g
75,26,2,plastry
75,75,100,g
75,81,40,g
75,9,1,g
76,17,4,plastry
76,42,80,g
76,82,120,g
76,45,150,g
76,44,5,g
76,19,10,ml
76,6,0.5,g
76,5,1,g
77,83,200,g
77,45,150,g
77,47,40,g
77,46,80,g
77,69,15,g
77,25,10,ml
77,19,10,ml
77,5,1,g
77,6,0.5,g
78,13,25,g
78,14,200,ml
78,39,7,g
78,16,20,g
78,15,120,g
78,10,10,g
79,34,2,szt
79,1,3,szt
79,71,40,g
79,37,60,g
79,36,60,g
79,25,10,ml
79,5,1,g
79,6,0.5,g
80,24,120,g
80,1,2,szt
80,14,300,ml
80,25,10,ml
80,84,120,g
80,50,250,g
80,10,15,g
80,27,1,g
80,5,0.5,g
81,40,60,g
81,78,250,ml
81,41,150,ml
81,15,120,g
81,79,10,g
81,10,10,g
81,9,1,g
81,5,0.5,g
82,11,150,g
82,38,150,g
82,74,150,g
82,13,10,g
82,10,10,g
83,1,3,szt
83,57,150,g
83,29,40,g
83,85,60,g
83,25,10,ml
83,5,1,g
83,6,0.5,g
84,17,4,plastry
84,60,120,g
84,3,200,g
84,47,40,g
84,86,60,g
84,19,10,ml
84,5,1,g
84,6,0.5,g
85,55,200,g
85,66,150,g
85,80,8,g
85,9,1,g
85,10,10,g
86,76,350,g
86,29,40,g
86,1,1,szt
86,24,20,g
86,25,15,ml
86,22,80,g
86,44,5,g
86,5,2,g
86,6,1,g
87,7,70,g
87,14,250,ml
87,87,30,g
87,67,20,g
87,9,1,g
87,10,10,g
87,5,0.5,g
88,55,200,g
88,88,60,ml
88,56,40,g
88,39,5,g
88,10,10,g
89,89,60,g
89,41,120,ml
89,11,150,g
89,38,150,g
89,13,10,g
89,10,10,g
89,5,0.5,g
90,17,2,plastry
90,85,60,g
90,66,100,g
90,67,15,g
90,10,10,g
90,9,1,g
91,34,2,szt
91,72,160,g
91,73,80,g
91,22,60,g
91,47,40,g
91,29,30,g
91,19,10,ml
91,5,1,g
91,6,0.5,g
92,77,300,g
92,1,2,szt
92,46,60,g
92,37,60,g
92,25,10,ml
92,33,1,g
92,5,1,g
92,6,0.5,g
93,68,200,g
93,56,50,g
93,53,120,g
93,10,10,g
93,13,5,g
94,17,4,plastry
94,90,160,g
94,18,120,g
94,29,30,g
94,30,3,g
94,19,10,ml
94,32,1,g
94,5,1.5,g
94,6,0.5,g
95,55,150,g
95,1,2,szt
95,24,80,g
95,79,20,g
95,23,4,g
95,27,1,g
95,25,10,ml
95,10,15,g
95,5,0.5,g
96,40,60,g
96,14,250,ml
96,41,150,ml
96,80,10,g
96,48,25,g
96,27,1,g
96,10,10,g
96,5,0.5,g
97,1,3,szt
97,63,80,g
97,62,20,g
97,3,150,g
97,25,10,ml
97,5,1,g
97,6,0.5,g
98,1,2,szt
98,18,100,g
98,22,30,g
98,64,60,g
98,19,5,ml
98,4,5,g
98,5,1,g
98,6,0.5,g
99,7,70,g
99,14,200,ml
99,88,50,ml
99,39,5,g
99,15,100,g
99,10,10,g
99,5,0.5,g
100,25,15,ml
100,29,80,g
100,30,6,g
100,28,300,ml
100,37,120,g
100,33,2,g
100,32,1,g
100,5,2,g
100,6,1,g
100,1,4,szt
100,46,80,g
101,91,300,g
101,65,160,g
101,78,300,ml
101,29,80,g
101,30,6,g
101,31,150,g
101,52,2,g
101,32,1,g
101,109,1,g
101,124,10,ml
101,5,2,g
101,6,1,g
102,94,400,g
102,93,500,g
102,29,120,g
102,30,6,g
102,101,150,g
102,108,800,g
102,117,20,g
102,120,2,g
102,124,15,ml
102,5,3,g
102,6,1.5,g
102,97,60,g
103,95,180,g
103,91,300,g
103,62,30,g
103,37,80,g
103,63,80,g
103,30,3,g
103,124,10,ml
103,5,1.5,g
103,6,0.5,g
104,51,300,g
104,65,160,g
104,101,120,g
104,31,150,g
104,29,80,g
104,103,25,ml
104,104,10,g
104,105,10,g
104,30,6,g
104,124,10,ml
104,5,1,g
104,6,0.5,g
105,106,250,g
105,122,300,g
105,31,200,g
105,29,120,g
105,30,6,g
105,28,500,ml
105,33,2,g
105,124,10,ml
105,5,2,g
105,6,1,g
106,112,300,g
106,76,400,g
106,100,300,g
106,124,15,ml
106,19,10,ml
106,44,5,g
106,5,2,g
106,6,1,g
107,99,1200,ml
107,28,500,ml
107,117,20,g
107,29,80,g
107,30,6,g
107,121,2,g
107,98,100,ml
107,96,200,g
107,124,10,ml
107,5,3,g
107,6,1.5,g
108,93,500,g
108,90,400,g
108,73,200,g
108,108,800,g
108,29,120,g
108,30,6,g
108,32,2,g
108,33,2,g
108,109,1,g
108,124,15,ml
108,5,3,g
108,6,1.5,g
108,65,200,g
109,92,300,g
109,1,1,szt
109,24,40,g
109,29,60,g
109,58,5,g
109,25,15,ml
109,5,2,g
109,6,1,g
109,61,120,g
109,45,200,g
109,11,80,g
109,19,5,ml
110,91,250,g
110,46,80,g
110,86,80,g
110,45,200,g
110,3,250,g
110,47,60,g
110,124,15,ml
110,19,10,ml
110,120,1,g
110,5,1,g
110,6,0.5,g
111,65,180,g
111,57,250,g
111,29,80,g
111,30,6,g
111,99,700,ml
111,97,50,g
111,2,20,g
111,58,5,g
111,124,10,ml
111,5,2,g
111,6,1,g
112,107,250,g
112,101,150,g
112,29,120,g
112,30,6,g
112,108,400,g
112,99,800,ml
112,32,2,g
112,33,2,g
112,109,1,g
112,124,15,ml
112,5,3,g
112,6,1,g
113,76,600,g
113,29,80,g
113,1,1,szt
113,24,60,g
113,25,30,ml
113,5,2,g
113,6,1,g
113,22,150,g
113,30,6,g
113,44,5,g
114,94,200,g
114,70,120,g
114,1,2,szt
114,97,60,g
114,124,5,ml
114,5,1,g
114,6,1,g
115,95,350,g
115,91,500,g
115,100,400,g
115,98,250,ml
115,36,150,g
115,29,120,g
115,30,6,g
115,124,15,ml
115,33,2,g
115,5,3,g
115,6,1.5,g
116,34,4,szt
116,90,400,g
116,73,200,g
116,108,400,g
116,29,80,g
116,30,6,g
116,109,1,g
116,32,1,g
116,33,2,g
116,36,120,g
116,47,40,g
116,124,10,ml
116,5,2,g
116,6,1,g
117,111,800,g
117,29,120,g
117,30,6,g
117,104,10,g
117,78,300,ml
117,99,800,ml
117,124,15,ml
117,69,20,g
117,5,3,g
117,6,1.5,g
118,113,350,g
118,122,250,g
118,101,150,g
118,31,150,g
118,29,80,g
118,119,2,g
118,124,15,ml
118,19,10,ml
118,5,2,g
118,6,1,g
119,91,350,g
119,28,500,ml
119,29,80,g
119,30,6,g
119,63,150,g
119,121,2,g
119,124,10,ml
119,5,2,g
119,6,1,g
120,89,150,g
120,110,240,g
120,122,250,g
120,31,150,g
120,29,80,g
120,46,80,g
120,124,15,ml
120,19,10,ml
120,119,2,g
120,5,2,g
120,6,1,g
121,61,160,g
121,83,250,g
121,85,80,g
121,29,80,g
121,37,80,g
121,67,20,g
121,124,10,ml
121,5,2,g
121,6,1,g
122,95,200,g
122,72,160,g
122,73,120,g
122,29,60,g
122,30,3,g
122,11,120,g
122,19,10,ml
122,58,5,g
122,5,1.5,g
122,6,1,g
123,77,500,g
123,110,240,g
123,37,80,g
123,46,100,g
123,32,1,g
123,33,2,g
123,124,15,ml
123,5,2,g
123,6,1,g
124,91,350,g
124,115,200,g
124,101,120,g
124,31,150,g
124,29,80,g
124,30,6,g
124,104,10,g
124,103,30,ml
124,105,10,g
124,124,10,ml
124,5,1,g
124,6,0.5,g
125,99,1200,ml
125,76,500,g
125,64,250,g
125,101,120,g
125,29,80,g
125,30,3,g
125,98,120,ml
125,44,5,g
125,124,10,ml
125,5,3,g
125,6,1.5,g
126,116,800,g
126,123,400,g
126,106,300,g
126,29,120,g
126,30,6,g
126,117,30,g
126,119,2,g
126,124,15,ml
126,33,2,g
126,5,3,g
126,6,1.5,g
127,118,600,g
127,106,300,g
127,70,120,g
127,29,120,g
127,30,6,g
127,108,400,g
127,117,30,g
127,33,2,g
127,124,10,ml
127,5,3,g
127,6,1.5,g
128,122,500,g
128,46,120,g
128,1,2,szt
128,24,80,g
128,30,6,g
128,44,5,g
128,124,20,ml
128,5,2,g
128,6,1,g
128,22,150,g
129,114,150,g
129,45,200,g
129,3,250,g
129,86,80,g
129,46,100,g
129,47,60,g
129,124,15,ml
129,19,10,ml
129,120,1,g
129,5,1.5,g
129,6,0.5,g
130,65,160,g
130,101,120,g
130,102,150,g
130,29,80,g
130,30,6,g
130,1,2,szt
130,103,25,ml
130,105,10,g
130,124,15,ml
130,5,1,g
130,6,0.5,g
131,76,400,g
131,101,150,g
131,100,300,g
131,102,150,g
131,29,80,g
131,30,6,g
131,99,1200,ml
131,124,10,ml
131,58,5,g
131,5,3,g
131,6,1,g
132,95,200,g
132,91,300,g
132,57,250,g
132,98,200,ml
132,97,30,g
132,29,80,g
132,30,6,g
132,124,10,ml
132,5,2,g
132,6,1,g
133,94,200,g
133,108,400,g
133,117,20,g
133,30,8,g
133,109,1,g
133,124,15,ml
133,120,1,g
133,86,60,g
133,5,2,g
133,6,1,g
133,97,30,g
134,93,500,g
134,1,1,szt
134,29,100,g
134,65,250,g
134,108,800,g
134,120,2,g
134,124,15,ml
134,5,3,g
134,6,1.5,g
135,92,300,g
135,115,180,g
135,101,120,g
135,31,150,g
135,29,80,g
135,30,6,g
135,104,10,g
135,103,30,ml
135,25,10,ml
135,105,10,g
135,5,1,g
135,6,0.5,g
136,114,150,g
136,112,300,g
136,100,250,g
136,45,150,g
136,3,250,g
136,47,60,g
136,124,15,ml
136,19,10,ml
136,5,2,g
136,6,1,g
137,113,300,g
137,78,250,ml
137,65,160,g
137,100,250,g
137,29,80,g
137,30,6,g
137,104,10,g
137,109,0.5,g
137,124,10,ml
137,5,2,g
137,6,1,g
138,110,240,g
138,122,300,g
138,31,250,g
138,29,100,g
138,30,6,g
138,28,500,ml
138,33,2,g
138,120,1,g
138,124,15,ml
138,5,2.5,g
138,6,1,g
139,100,500,g
139,29,100,g
139,30,6,g
139,99,1200,ml
139,98,150,ml
139,124,10,ml
139,5,3,g
139,6,1,g
139,17,4,plastry
139,2,15,g
140,116,600,g
140,76,400,g
140,101,150,g
140,106,250,g
140,29,120,g
140,30,6,g
140,99,1200,ml
140,124,10,ml
140,119,2,g
140,5,3,g
140,6,1.5,g
141,76,800,g
141,106,300,g
141,29,120,g
141,98,250,ml
141,36,150,g
141,124,10,ml
141,33,2,g
141,5,3,g
141,6,1.5,g
142,94,200,g
142,30,10,g
142,124,25,ml
142,109,1,g
142,58,10,g
142,5,2,g
142,6,1,g
142,97,30,g
143,114,150,g
143,51,300,g
143,100,250,g
143,101,120,g
143,29,80,g
143,30,6,g
143,104,10,g
143,103,25,ml
143,25,10,ml
143,105,10,g
143,5,1,g
143,6,0.5,g
144,107,250,g
144,111,600,g
144,78,400,ml
144,65,250,g
144,29,120,g
144,30,6,g
144,104,10,g
144,52,2,g
144,109,0.5,g
144,124,15,ml
144,5,3,g
144,6,1,g
145,95,250,g
145,72,160,g
145,73,150,g
145,45,200,g
145,3,250,g
145,11,150,g
145,19,10,ml
145,58,5,g
145,5,2,g
145,6,1,g
146,122,500,g
146,93,350,g
146,108,400,g
146,29,80,g
146,30,6,g
146,36,80,g
146,120,1,g
146,124,10,ml
146,5,2,g
146,6,1,g
147,91,300,g
147,100,300,g
147,101,120,g
147,30,6,g
147,104,10,g
147,103,30,ml
147,25,10,ml
147,105,10,g
147,65,160,g
147,5,1,g
147,6,0.5,g
148,110,240,g
148,1,1,szt
148,29,80,g
148,30,6,g
148,24,40,g
148,58,10,g
148,25,20,ml
148,5,2,g
148,6,1,g
148,22,150,g
148,44,5,g
148,19,10,ml
149,118,600,g
149,106,300,g
149,108,400,g
149,29,120,g
149,30,6,g
149,119,2,g
149,124,15,ml
149,5,3,g
149,6,1.5,g
150,99,1200,ml
150,108,400,g
150,101,150,g
150,122,250,g
150,29,120,g
150,30,6,g
150,118,300,g
150,96,150,g
150,121,2,g
150,124,10,ml
150,5,3,g
150,6,1.5,g
151,115,180,g
151,112,250,g
151,37,100,g
151,98,200,ml
151,29,80,g
151,30,6,g
151,124,10,ml
151,19,5,ml
151,5,2,g
151,6,1,g
152,61,160,g
152,57,250,g
152,37,100,g
152,29,80,g
152,30,6,g
152,124,10,ml
152,46,60,g
152,5,2,g
152,6,1,g
153,92,300,g
153,77,400,g
153,100,250,g
153,124,15,ml
153,33,2,g
153,119,2,g
153,19,10,ml
153,5,2,g
153,6,1,g
154,34,2,szt
154,91,300,g
154,3,250,g
154,29,80,g
154,30,3,g
154,47,40,g
154,36,80,g
154,19,10,ml
154,109,0.5,g
154,124,10,ml
154,5,2,g
154,6,1,g
155,90,400,g
155,110,240,g
155,73,200,g
155,108,800,g
155,29,120,g
155,30,6,g
155,109,1,g
155,32,2,g
155,33,2,g
155,124,15,ml
155,65,250,g
155,5,3,g
155,6,1.5,g
156,94,200,g
156,111,500,g
156,98,200,ml
156,29,80,g
156,30,6,g
156,124,10,ml
156,121,1,g
156,5,2,g
156,6,1,g
156,97,40,g
157,65,160,g
157,91,250,g
157,101,120,g
157,102,150,g
157,29,80,g
157,30,6,g
157,103,25,ml
157,1,2,szt
157,25,15,ml
157,105,10,g
157,5,1,g
157,6,0.5,g
158,114,150,g
158,83,250,g
158,85,80,g
158,47,60,g
158,67,20,g
158,124,15,ml
158,19,10,ml
158,5,1.5,g
158,6,0.5,g
159,107,250,g
159,108,800,g
159,99,1200,ml
159,29,120,g
159,30,6,g
159,120,2,g
159,98,100,ml
159,124,10,ml
159,109,0.5,g
159,5,3,g
159,6,1.5,g
160,95,200,g
160,100,300,g
160,46,100,g
160,30,6,g
160,124,15,ml
160,19,10,ml
160,120,1,g
160,5,2,g
160,6,1,g
161,130,250,g
161,91,300,g
161,37,120,g
161,98,200,ml
161,29,80,g
161,30,6,g
161,124,10,ml
161,97,30,g
161,5,2,g
161,6,1,g
162,92,350,g
162,31,200,g
162,122,250,g
162,29,120,g
162,30,6,g
162,108,400,g
162,33,2,g
162,120,1,g
162,124,15,ml
162,5,2,g
162,6,1,g
163,101,600,g
163,29,120,g
163,30,6,g
163,104,10,g
163,78,300,ml
163,99,800,ml
163,124,10,ml
163,5,3,g
163,6,1,g
164,128,180,g
164,91,300,g
164,100,300,g
164,101,120,g
164,29,80,g
164,30,6,g
164,103,30,ml
164,105,10,g
164,25,10,ml
164,5,1,g
164,6,0.5,g
165,129,150,g
165,110,240,g
165,31,150,g
165,122,200,g
165,29,80,g
165,46,80,g
165,124,15,ml
165,19,10,ml
165,119,2,g
165,5,1.5,g
165,6,0.5,g
166,126,500,g
166,108,400,g
166,117,20,g
166,63,150,g
166,29,80,g
166,30,6,g
166,124,15,ml
166,121,2,g
166,5,2,g
166,6,1,g
167,125,600,g
167,114,150,g
167,78,300,ml
167,29,80,g
167,30,6,g
167,104,10,g
167,52,2,g
167,109,0.5,g
167,124,15,ml
167,5,2,g
167,6,1,g
168,127,400,g
168,76,400,g
168,101,120,g
168,29,80,g
168,30,3,g
168,99,1200,ml
168,98,120,ml
168,44,5,g
168,124,10,ml
168,5,3,g
168,6,1,g
169,115,200,g
169,113,300,g
169,31,150,g
169,101,120,g
169,29,80,g
169,30,6,g
169,103,25,ml
169,104,10,g
169,25,10,ml
169,105,10,g
169,5,1,g
169,6,0.5,g
170,93,400,g
170,1,1,szt
170,24,40,g
170,29,80,g
170,76,600,g
170,123,300,g
170,22,80,g
170,19,10,ml
170,25,20,ml
170,5,3,g
170,6,1.5,g
171,91,350,g
171,111,500,g
171,110,240,g
171,29,80,g
171,30,6,g
171,119,2,g
171,33,2,g
171,124,15,ml
171,5,2,g
171,6,1,g
172,95,250,g
172,100,300,g
172,98,250,ml
172,36,120,g
172,29,80,g
172,30,6,g
172,124,10,ml
172,5,2,g
172,6,1,g
173,114,150,g
173,72,160,g
173,86,80,g
173,45,200,g
173,3,250,g
173,47,60,g
173,124,15,ml
173,19,10,ml
173,5,1.5,g
173,6,0.5,g
174,110,400,g
174,108,800,g
174,99,800,ml
174,29,120,g
174,30,6,g
174,32,2,g
174,33,2,g
174,124,15,ml
174,5,3,g
174,6,1,g
175,92,350,g
175,57,250,g
175,98,200,ml
175,29,80,g
175,30,6,g
175,61,120,g
175,124,15,ml
175,58,5,g
175,5,2,g
175,6,1,g
176,51,300,g
176,122,300,g
176,31,150,g
176,28,500,ml
176,29,80,g
176,30,6,g
176,65,160,g
176,33,2,g
176,124,15,ml
176,5,2,g
176,6,1,g
177,125,500,g
177,76,500,g
177,46,120,g
177,98,200,ml
177,29,80,g
177,30,6,g
177,124,10,ml
177,33,1,g
177,5,2,g
177,6,1,g
178,126,500,g
178,110,240,g
178,108,400,g
178,29,120,g
178,30,6,g
178,32,2,g
178,109,0.5,g
178,124,15,ml
178,5,2,g
178,6,1,g
179,91,300,g
179,127,300,g
179,101,120,g
179,29,80,g
179,30,6,g
179,103,30,ml
179,104,10,g
179,25,10,ml
179,105,10,g
179,5,1,g
179,6,0.5,g
180,111,600,g
180,107,200,g
180,29,120,g
180,30,6,g
180,99,1200,ml
180,98,120,ml
180,52,2,g
180,124,10,ml
180,5,3,g
180,6,1,g
181,82,200,g
181,76,600,g
181,45,200,g
181,11,150,g
181,44,5,g
181,19,5,ml
181,5,2,g
181,6,1,g
182,94,250,g
182,110,240,g
182,108,400,g
182,117,20,g
182,29,80,g
182,30,6,g
182,121,2,g
182,124,15,ml
182,5,2,g
182,6,1,g
183,114,150,g
183,31,200,g
183,122,250,g
183,101,150,g
183,85,80,g
183,124,20,ml
183,119,2,g
183,19,10,ml
183,5,2,g
183,6,1,g
184,76,800,g
184,70,150,g
184,57,250,g
184,29,120,g
184,98,250,ml
184,36,150,g
184,124,10,ml
184,5,3,g
184,6,1.5,g
185,92,300,g
185,130,250,g
185,108,400,g
185,117,20,g
185,29,80,g
185,30,6,g
185,120,1,g
185,124,15,ml
185,97,30,g
185,5,2,g
185,6,1,g
186,100,500,g
186,99,1200,ml
186,29,100,g
186,30,6,g
186,98,150,ml
186,36,80,g
186,17,4,plastry
186,2,15,g
186,124,10,ml
186,5,3,g
186,6,1,g
187,91,250,g
187,38,200,g
187,47,60,g
187,45,150,g
187,3,200,g
187,69,15,g
187,124,15,ml
187,19,10,ml
187,5,1.5,g
187,6,0.5,g
188,95,250,g
188,113,300,g
188,37,100,g
188,98,200,ml
188,29,80,g
188,30,6,g
188,124,10,ml
188,58,5,g
188,5,2,g
188,6,1,g
189,89,150,g
189,90,240,g
189,31,200,g
189,122,250,g
189,29,80,g
189,30,6,g
189,124,15,ml
189,32,1,g
189,33,2,g
189,5,2,g
189,6,1,g
190,91,300,g
190,114,150,g
190,45,150,g
190,22,150,g
190,44,5,g
190,19,10,ml
190,124,10,ml
190,5,2,g
190,6,1,g
191,51,300,g
191,100,300,g
191,128,180,g
191,103,30,ml
191,104,10,g
191,30,6,g
191,105,10,g
191,25,10,ml
191,5,1,g
191,6,0.5,g
192,123,500,g
192,108,400,g
192,99,1200,ml
192,101,150,g
192,29,120,g
192,30,6,g
192,124,10,ml
192,119,2,g
192,5,3,g
192,6,1,g
193,130,250,g
193,57,300,g
193,98,200,ml
193,29,80,g
193,30,6,g
193,97,40,g
193,124,10,ml
193,58,5,g
193,5,2,g
193,6,1,g
194,111,800,g
194,114,150,g
194,46,120,g
194,37,80,g
194,29,80,g
194,124,15,ml
194,119,2,g
194,5,2,g
194,6,1,g
195,126,400,g
195,122,400,g
195,108,400,g
195,117,20,g
195,63,200,g
195,29,80,g
195,30,6,g
195,124,20,ml
195,121,2,g
195,5,2,g
195,6,1,g
196,106,300,g
196,127,400,g
196,76,400,g
196,29,120,g
196,30,6,g
196,108,400,g
196,33,2,g
196,124,15,ml
196,5,3,g
196,6,1.5,g
197,94,200,g
197,91,300,g
197,62,30,g
197,37,80,g
197,97,30,g
197,124,10,ml
197,30,3,g
197,5,1.5,g
197,6,0.5,g
198,114,150,g
198,83,250,g
198,110,240,g
198,47,60,g
198,46,80,g
198,124,15,ml
198,19,10,ml
198,5,1.5,g
198,6,0.5,g
199,113,350,g
199,78,300,ml
199,99,800,ml
199,29,120,g
199,30,6,g
199,104,10,g
199,101,120,g
199,109,0.5,g
199,124,10,ml
199,5,3,g
199,6,1,g
200,91,350,g
200,57,250,g
200,102,150,g
200,98,200,ml
200,29,120,g
200,30,6,g
200,128,180,g
200,124,15,ml
200,58,5,g
200,5,2,g
200,6,1,g
201,91,250,g
201,18,120,g
201,47,60,g
201,3,200,g
201,45,150,g
201,69,15,g
201,124,15,ml
201,19,10,ml
201,5,1,g
201,6,0.5,g
202,26,2,plastry
202,62,20,g
202,63,80,g
202,3,150,g
202,5,1,g
202,6,0.5,g
203,28,500,ml
203,99,500,ml
203,29,80,g
203,30,6,g
203,84,80,g
203,124,10,ml
203,121,1,g
203,5,2,g
203,6,1,g
203,17,2,plastry
203,2,10,g
204,34,2,szt
204,43,120,g
204,42,80,g
204,45,150,g
204,44,5,g
204,19,10,ml
204,47,40,g
204,5,1,g
204,6,0.5,g
205,1,4,szt
205,57,200,g
205,37,100,g
205,29,60,g
205,36,60,g
205,25,10,ml
205,5,2,g
205,6,1,g
206,114,150,g
206,60,120,g
206,45,150,g
206,3,200,g
206,47,60,g
206,86,60,g
206,124,15,ml
206,19,10,ml
206,5,1.5,g
206,6,0.5,g
207,115,180,g
207,51,300,g
207,31,200,g
207,101,120,g
207,29,60,g
207,30,6,g
207,103,30,ml
207,104,10,g
207,25,15,ml
207,105,10,g
207,5,1,g
207,6,0.5,g
208,72,160,g
208,3,250,g
208,45,200,g
208,46,80,g
208,86,80,g
208,47,60,g
208,124,15,ml
208,19,10,ml
208,120,1,g
208,5,1,g
208,6,0.5,g
209,122,400,g
209,31,200,g
209,3,250,g
209,29,80,g
209,30,6,g
209,63,150,g
209,124,15,ml
209,121,1,g
209,5,2,g
209,6,1,g
210,17,4,plastry
210,72,160,g
210,22,60,g
210,64,60,g
210,29,30,g
210,19,10,ml
210,58,5,g
210,5,1,g
210,6,0.5,g
211,89,150,g
211,46,100,g
211,71,60,g
211,45,150,g
211,47,60,g
211,124,15,ml
211,19,10,ml
211,119,1,g
211,5,1,g
211,6,0.5,g
212,17,4,plastry
212,85,100,g
212,83,200,g
212,69,15,g
212,19,10,ml
212,5,1,g
212,6,0.5,g
213,110,240,g
213,31,200,g
213,45,150,g
213,29,60,g
213,47,60,g
213,124,15,ml
213,19,10,ml
213,32,1,g
213,5,1.5,g
213,6,0.5,g
214,112,300,g
214,100,300,g
214,47,60,g
214,45,150,g
214,124,15,ml
214,19,10,ml
214,105,5,g
214,5,2,g
214,6,1,g
215,26,2,plastry
215,18,120,g
215,1,2,szt
215,54,10,ml
215,19,5,ml
215,5,1,g
215,6,0.5,g
216,111,800,g
216,29,120,g
216,30,6,g
216,104,10,g
216,99,1200,ml
216,78,300,ml
216,124,15,ml
216,69,20,g
216,5,3,g
216,6,1,g
217,77,500,g
217,46,100,g
217,37,100,g
217,29,80,g
217,124,15,ml
217,33,1,g
217,5,2,g
217,6,1,g
218,95,200,g
218,62,30,g
218,122,250,g
218,3,250,g
218,29,60,g
218,30,6,g
218,124,10,ml
218,97,30,g
218,5,2,g
218,6,1,g
219,28,400,ml
219,29,80,g
219,30,6,g
219,33,2,g
219,32,1,g
219,37,80,g
219,1,4,szt
219,46,80,g
219,124,15,ml
219,5,2,g
219,6,1,g
220,116,600,g
220,106,300,g
220,29,120,g
220,30,6,g
220,124,15,ml
220,33,2,g
220,5,1,g
220,6,1,g
221,114,150,g
221,83,250,g
221,46,100,g
221,47,60,g
221,69,15,g
221,124,15,ml
221,19,10,ml
221,5,1.5,g
221,6,0.5,g
222,1,3,szt
222,85,60,g
222,71,40,g
222,29,50,g
222,25,10,ml
222,47,40,g
222,5,1,g
222,6,0.5,g
223,128,180,g
223,51,300,g
223,100,300,g
223,29,60,g
223,30,6,g
223,104,10,g
223,103,30,ml
223,105,10,g
223,25,15,ml
223,5,1,g
223,6,0.5,g
224,99,1500,ml
224,76,400,g
224,101,150,g
224,100,250,g
224,102,150,g
224,29,120,g
224,30,6,g
224,124,10,ml
224,58,5,g
224,5,3,g
224,6,1,g
225,113,300,g
225,47,60,g
225,45,150,g
225,3,200,g
225,124,15,ml
225,19,10,ml
225,5,2,g
225,6,1,g
226,130,250,g
226,57,300,g
226,37,100,g
226,29,80,g
226,30,6,g
226,98,200,ml
226,124,10,ml
226,97,30,g
226,5,2,g
226,6,1,g
227,92,300,g
227,1,1,szt
227,24,40,g
227,29,60,g
227,25,15,ml
227,5,2,g
227,6,1,g
227,45,200,g
227,11,150,g
227,44,5,g
227,19,5,ml
228,100,600,g
228,99,1200,ml
228,29,120,g
228,30,6,g
228,98,150,ml
228,97,40,g
228,124,10,ml
228,5,3,g
228,6,1,g
229,90,240,g
229,73,150,g
229,31,200,g
229,45,150,g
229,29,60,g
229,47,60,g
229,124,15,ml
229,19,10,ml
229,109,0.5,g
229,5,2,g
229,6,0.5,g
230,94,250,g
230,108,400,g
230,117,20,g
230,29,80,g
230,30,6,g
230,86,80,g
230,120,1,g
230,124,15,ml
230,97,30,g
230,5,2,g
230,6,1,g
